Date,Heure,Humidite
17-04-2024,09:59:48,48.4
17-04-2024,10:27:30,49.8
17-04-2024,10:27:36,49.1
17-04-2024,10:27:41,48.2
17-04-2024,10:27:46,47.5
17-04-2024,10:27:52,46.9
17-04-2024,10:27:57,46.4
17-04-2024,10:28:02,45.9
17-04-2024,10:28:08,45.5
17-04-2024,10:28:13,45.1
17-04-2024,10:28:18,44.7
17-04-2024,10:28:24,44.4
17-04-2024,10:28:29,44.1
17-04-2024,10:28:34,43.9
17-04-2024,10:28:40,43.7
17-04-2024,10:28:45,43.4
17-04-2024,10:28:50,43.3
17-04-2024,10:28:58,43.0
17-04-2024,10:29:04,42.8
17-04-2024,10:29:09,42.6
17-04-2024,10:29:15,42.4
17-04-2024,10:29:20,42.3
17-04-2024,10:29:25,42.0
17-04-2024,10:29:31,41.8
17-04-2024,10:29:36,41.7
17-04-2024,10:29:41,41.6
17-04-2024,10:29:47,41.7
17-04-2024,10:29:52,41.6
17-04-2024,10:29:57,41.6
17-04-2024,10:30:03,41.5
17-04-2024,10:30:08,41.4
17-04-2024,10:30:14,41.3
17-04-2024,10:30:19,41.4
17-04-2024,10:30:24,41.3
17-04-2024,10:36:09,31.2
17-04-2024,10:36:14,32.4
17-04-2024,10:36:19,32.4
17-04-2024,10:36:25,32.1
17-04-2024,10:36:30,31.9
17-04-2024,10:36:35,31.8
17-04-2024,10:36:41,31.6
17-04-2024,10:36:46,31.5
17-04-2024,10:36:51,31.4
17-04-2024,10:36:57,31.2
17-04-2024,10:37:02,31.2
17-04-2024,10:37:08,31.1
17-04-2024,10:37:13,31.1
17-04-2024,10:37:18,31.1
17-04-2024,10:37:24,31.3
17-04-2024,10:37:29,31.3
17-04-2024,10:37:35,31.3
17-04-2024,10:37:40,31.3
17-04-2024,10:37:45,31.3
17-04-2024,10:37:51,31.4
17-04-2024,10:37:56,31.4
17-04-2024,10:38:01,31.5
17-04-2024,10:38:07,31.5
17-04-2024,10:38:12,31.5
17-04-2024,10:38:18,31.6
17-04-2024,10:38:23,31.7
17-04-2024,10:38:28,31.9
17-04-2024,10:38:34,32.0
17-04-2024,10:38:39,32.0
17-04-2024,10:38:44,32.1
17-04-2024,10:38:50,32.1
17-04-2024,10:38:55,32.2
17-04-2024,10:39:01,32.2
17-04-2024,10:39:06,32.3
17-04-2024,10:39:11,32.3
17-04-2024,10:39:17,32.3
17-04-2024,10:39:22,32.4
17-04-2024,10:39:27,32.5
17-04-2024,10:39:33,32.5
17-04-2024,10:39:38,32.5
17-04-2024,10:39:44,32.6
17-04-2024,10:39:49,32.6
17-04-2024,10:39:54,32.6
17-04-2024,10:40:00,32.7
17-04-2024,10:40:05,32.9
17-04-2024,10:40:11,32.9
17-04-2024,10:40:16,33.0
17-04-2024,10:40:22,33.0
17-04-2024,10:40:27,33.1
17-04-2024,10:40:32,33.2
17-04-2024,10:40:38,33.2
17-04-2024,10:40:43,33.2
17-04-2024,10:40:49,33.2
17-04-2024,10:40:54,33.6
17-04-2024,10:40:59,33.7
17-04-2024,10:41:05,33.8
17-04-2024,10:41:10,33.9
17-04-2024,10:41:16,34.0
17-04-2024,10:41:21,34.0
17-04-2024,10:41:26,34.0
17-04-2024,10:41:32,34.0
17-04-2024,10:41:37,34.1
17-04-2024,10:41:43,34.1
17-04-2024,10:41:48,34.1
17-04-2024,10:41:53,34.0
17-04-2024,10:41:59,34.0
17-04-2024,10:42:04,34.0
17-04-2024,10:42:10,34.1
17-04-2024,10:42:15,34.2
17-04-2024,10:42:20,34.5
17-04-2024,10:42:26,35.2
17-04-2024,10:42:31,35.2
17-04-2024,10:42:37,35.1
17-04-2024,10:42:42,35.1
17-04-2024,10:42:47,35.0
17-04-2024,10:42:53,34.9
17-04-2024,10:42:58,35.0
17-04-2024,10:43:04,34.9
17-04-2024,10:43:10,34.9
17-04-2024,10:43:15,34.9
17-04-2024,10:43:20,34.8
17-04-2024,10:43:26,34.7
17-04-2024,10:43:31,34.7
17-04-2024,10:43:37,34.6
17-04-2024,10:43:42,34.7
17-04-2024,10:43:47,34.6
17-04-2024,10:43:53,34.6
17-04-2024,10:43:58,34.6
17-04-2024,10:44:04,34.6
17-04-2024,10:44:09,34.6
17-04-2024,10:44:14,34.6
17-04-2024,10:44:20,34.7
17-04-2024,10:44:25,34.8
17-04-2024,10:44:31,34.8
17-04-2024,10:44:36,35.2
17-04-2024,10:44:42,35.2
17-04-2024,10:44:47,35.0
17-04-2024,10:44:52,35.0
17-04-2024,10:44:58,35.1
17-04-2024,10:45:03,35.5
17-04-2024,10:45:09,35.6
17-04-2024,10:45:14,35.6
17-04-2024,10:45:20,35.6
17-04-2024,10:45:25,35.5
17-04-2024,10:45:31,35.5
17-04-2024,10:51:36,37.6
17-04-2024,10:51:41,37.1
17-04-2024,10:51:47,36.7
17-04-2024,10:51:52,36.3
17-04-2024,10:51:57,35.9
17-04-2024,10:52:03,35.6
17-04-2024,10:52:09,35.4
17-04-2024,10:52:14,35.3
17-04-2024,10:52:20,35.1
17-04-2024,10:52:25,35.1
17-04-2024,10:52:30,35.0
17-04-2024,10:52:36,35.0
17-04-2024,10:52:41,34.9
17-04-2024,10:52:47,34.8
17-04-2024,10:52:52,34.7
17-04-2024,10:52:58,34.7
17-04-2024,10:53:03,34.6
17-04-2024,10:53:09,34.5
17-04-2024,10:53:14,34.5
17-04-2024,10:53:19,34.4
17-04-2024,10:53:25,34.4
17-04-2024,10:53:30,34.5
17-04-2024,10:54:29,35.4
17-04-2024,10:54:34,35.3
17-04-2024,10:54:39,35.0
17-04-2024,10:54:45,34.8
17-04-2024,10:54:50,34.7
17-04-2024,10:54:55,34.6
17-04-2024,10:55:01,34.6
17-04-2024,10:55:06,34.5
17-04-2024,10:55:11,34.4
17-04-2024,10:55:17,34.3
17-04-2024,10:55:22,34.2
17-04-2024,10:55:27,34.1
17-04-2024,10:55:33,34.1
17-04-2024,10:55:38,34.1
17-04-2024,10:55:44,34.0
17-04-2024,10:55:49,34.0
17-04-2024,10:55:54,33.9
17-04-2024,10:56:00,34.0
17-04-2024,10:56:05,34.0
17-04-2024,10:56:10,33.9
17-04-2024,10:56:16,33.9
17-04-2024,10:56:21,33.9
17-04-2024,10:56:27,33.8
17-04-2024,11:01:24,36.0
17-04-2024,11:01:29,35.5
17-04-2024,11:01:35,35.2
17-04-2024,11:01:40,35.0
17-04-2024,11:01:46,34.7
17-04-2024,11:01:51,34.5
17-04-2024,11:01:56,34.4
17-04-2024,11:02:02,34.2
17-04-2024,11:02:07,34.1
17-04-2024,11:02:13,34.0
17-04-2024,11:02:18,33.9
17-04-2024,11:02:23,33.8
17-04-2024,11:02:29,33.8
17-04-2024,11:02:34,33.8
17-04-2024,11:02:40,33.7
17-04-2024,11:02:45,33.7
17-04-2024,11:02:50,33.6
17-04-2024,11:02:56,33.6
17-04-2024,11:03:01,33.6
17-04-2024,11:03:07,33.6
17-04-2024,11:05:45,34.5
17-04-2024,11:05:51,34.5
17-04-2024,11:05:56,34.5
17-04-2024,11:06:02,34.4
17-04-2024,11:06:07,34.4
17-04-2024,11:06:13,34.3
17-04-2024,11:06:18,34.3
17-04-2024,11:06:23,34.2
17-04-2024,11:06:29,34.2
17-04-2024,11:06:34,34.2
17-04-2024,11:06:40,34.2
17-04-2024,11:06:45,34.2
17-04-2024,11:06:50,34.1
17-04-2024,11:06:56,34.1
17-04-2024,11:35:11,33.7
17-04-2024,11:35:16,33.9
17-04-2024,11:35:21,34.1
17-04-2024,11:35:27,34.1
17-04-2024,11:35:32,34.1
17-04-2024,11:35:38,34.2
17-04-2024,11:50:54,33.8
17-04-2024,12:29:59,33.5
22-04-2024,09:41:34,29.1
22-04-2024,09:41:40,29.1
22-04-2024,09:41:45,29.1
22-04-2024,09:41:51,29.1
22-04-2024,09:41:56,29.1
22-04-2024,09:42:01,29.0
22-04-2024,09:42:34,27.9
22-04-2024,09:42:39,27.9
22-04-2024,09:42:45,27.8
22-04-2024,09:42:50,27.7
22-04-2024,09:42:56,27.7
22-04-2024,09:43:01,27.7
22-04-2024,09:43:07,27.7
22-04-2024,09:43:12,27.7
22-04-2024,09:43:17,27.7
22-04-2024,09:43:23,27.7
22-04-2024,09:43:28,27.6
22-04-2024,09:43:34,27.5
22-04-2024,09:43:39,27.5
22-04-2024,09:43:45,27.4
22-04-2024,09:43:50,27.3
22-04-2024,09:43:55,27.3
22-04-2024,09:44:01,27.2
22-04-2024,09:44:06,27.2
22-04-2024,09:44:12,27.1
22-04-2024,09:44:17,27.1
22-04-2024,09:44:23,27.1
22-04-2024,09:44:28,27.1
22-04-2024,09:44:34,27.1
22-04-2024,09:44:39,27.0
22-04-2024,09:46:40,28.6
22-04-2024,09:46:45,28.3
22-04-2024,09:46:51,28.0
22-04-2024,09:46:56,27.9
22-04-2024,09:47:02,27.7
22-04-2024,09:47:07,27.7
22-04-2024,09:47:13,27.6
22-04-2024,09:47:18,27.5
22-04-2024,09:47:24,27.4
22-04-2024,09:47:29,27.3
22-04-2024,09:48:52,27.0
22-04-2024,09:48:57,27.0
22-04-2024,09:49:03,26.9
22-04-2024,09:49:08,26.9
22-04-2024,09:49:14,26.9
22-04-2024,09:49:19,26.9
22-04-2024,09:49:25,26.9
22-04-2024,09:49:30,26.9
22-04-2024,09:49:36,26.9
22-04-2024,09:49:41,27.0
22-04-2024,09:49:46,27.1
22-04-2024,09:49:52,27.0
22-04-2024,09:49:57,26.9
22-04-2024,09:50:03,26.9
22-04-2024,09:50:08,26.9
22-04-2024,09:54:39,25.8
22-04-2024,09:54:44,25.8
22-04-2024,09:54:50,25.8
22-04-2024,09:54:55,25.8
22-04-2024,09:55:01,25.8
22-04-2024,09:55:06,25.8
22-04-2024,09:59:37,25.8
22-04-2024,09:59:43,25.8
22-04-2024,09:59:48,25.8
22-04-2024,09:59:54,25.8
22-04-2024,09:59:59,25.7
22-04-2024,10:00:05,25.6
22-04-2024,10:00:10,25.6
22-04-2024,10:00:16,25.6
22-04-2024,10:00:22,25.6
22-04-2024,10:00:27,25.6
22-04-2024,10:00:33,25.6
22-04-2024,10:00:38,25.6
22-04-2024,10:00:44,25.6
22-04-2024,10:00:49,25.6
22-04-2024,10:00:55,25.6
22-04-2024,10:01:00,25.6
22-04-2024,10:01:06,25.5
22-04-2024,10:01:11,25.5
22-04-2024,10:01:17,25.5
22-04-2024,10:01:22,25.5
22-04-2024,10:01:28,25.5
22-04-2024,10:01:33,25.5
22-04-2024,10:01:39,25.5
22-04-2024,10:01:44,25.5
22-04-2024,10:01:59,25.5
22-04-2024,10:02:05,25.5
22-04-2024,10:02:10,25.6
22-04-2024,10:02:16,25.6
22-04-2024,10:02:21,25.6
22-04-2024,10:02:27,25.6
22-04-2024,10:02:32,25.6
22-04-2024,10:02:38,25.6
22-04-2024,10:02:43,25.6
22-04-2024,10:02:49,25.6
22-04-2024,10:02:54,25.6
22-04-2024,10:03:00,25.6
22-04-2024,10:03:05,25.6
22-04-2024,10:03:10,25.6
22-04-2024,10:03:16,25.6
22-04-2024,10:03:21,25.5
22-04-2024,10:03:27,25.5
22-04-2024,10:03:33,25.4
22-04-2024,10:03:38,25.5
22-04-2024,10:03:43,25.5
22-04-2024,10:03:49,25.5
22-04-2024,10:03:54,25.5
22-04-2024,10:04:00,25.5
22-04-2024,10:04:05,25.5
22-04-2024,10:04:11,25.6
22-04-2024,10:04:16,25.6
22-04-2024,10:04:21,25.5
22-04-2024,10:04:27,25.5
22-04-2024,10:04:32,25.5
22-04-2024,10:05:05,25.4
22-04-2024,10:05:11,25.6
22-04-2024,10:05:16,25.8
22-04-2024,10:05:21,25.8
22-04-2024,10:05:27,25.8
22-04-2024,10:05:32,25.8
22-04-2024,10:05:38,25.8
22-04-2024,10:05:43,25.8
22-04-2024,10:05:48,25.7
22-04-2024,10:05:54,25.6
22-04-2024,10:05:59,25.6
22-04-2024,10:06:05,25.5
22-04-2024,10:06:10,25.4
22-04-2024,10:06:15,25.4
22-04-2024,10:06:23,25.4
22-04-2024,10:06:28,25.4
22-04-2024,10:06:33,25.4
22-04-2024,10:06:39,25.3
22-04-2024,10:06:45,25.2
22-04-2024,10:06:50,25.2
22-04-2024,10:06:55,25.2
22-04-2024,10:07:01,25.2
22-04-2024,10:07:06,25.2
22-04-2024,10:07:12,25.2
22-04-2024,10:07:17,25.4
22-04-2024,10:07:22,25.4
22-04-2024,10:07:28,25.4
22-04-2024,10:07:33,25.4
22-04-2024,10:07:39,25.3
22-04-2024,10:07:44,25.2
22-04-2024,10:07:49,25.2
22-04-2024,10:07:55,25.2
22-04-2024,10:08:00,25.1
22-04-2024,10:08:06,25.1
22-04-2024,10:08:11,25.1
22-04-2024,10:08:16,25.1
22-04-2024,10:08:22,25.0
22-04-2024,10:08:27,25.0
22-04-2024,10:08:33,25.0
22-04-2024,10:08:38,25.0
22-04-2024,10:08:44,24.9
22-04-2024,10:08:49,24.9
22-04-2024,10:08:54,24.9
22-04-2024,10:09:00,24.9
22-04-2024,10:09:05,24.9
22-04-2024,10:09:11,24.9
22-04-2024,10:09:16,24.9
22-04-2024,10:09:22,24.9
22-04-2024,10:09:27,24.9
22-04-2024,10:09:32,25.0
22-04-2024,10:09:38,25.0
22-04-2024,10:09:44,25.0
22-04-2024,10:09:49,24.9
22-04-2024,10:09:54,24.9
22-04-2024,10:10:00,24.9
22-04-2024,10:10:05,25.0
22-04-2024,10:10:11,25.0
22-04-2024,10:10:16,24.9
22-04-2024,10:10:22,24.9
22-04-2024,10:10:27,24.9
22-04-2024,10:10:32,24.9
22-04-2024,10:10:38,24.9
22-04-2024,10:10:58,24.9
22-04-2024,10:11:03,24.9
22-04-2024,10:11:09,24.9
22-04-2024,10:11:14,24.9
22-04-2024,10:11:19,24.9
22-04-2024,10:11:25,24.9
22-04-2024,10:11:30,24.9
22-04-2024,10:11:36,24.9
22-04-2024,10:11:41,24.9
22-04-2024,10:11:47,24.9
22-04-2024,10:11:52,24.9
22-04-2024,10:11:58,24.9
22-04-2024,10:13:01,24.8
22-04-2024,10:13:06,24.8
22-04-2024,10:13:12,24.8
22-04-2024,10:13:17,24.9
22-04-2024,10:13:23,24.9
22-04-2024,10:13:28,24.9
22-04-2024,10:13:34,24.8
22-04-2024,10:13:39,24.8
22-04-2024,10:13:45,24.9
22-04-2024,10:13:50,24.9
22-04-2024,10:13:56,24.9
22-04-2024,10:14:01,24.9
22-04-2024,10:14:07,25.0
22-04-2024,10:14:12,25.0
22-04-2024,10:14:18,25.0
22-04-2024,10:14:23,25.0
22-04-2024,10:14:29,25.0
22-04-2024,10:14:34,25.0
22-04-2024,10:14:40,25.1
22-04-2024,10:14:45,25.1
22-04-2024,10:14:50,25.0
22-04-2024,10:14:56,25.0
22-04-2024,10:15:01,25.0
22-04-2024,10:15:07,25.0
22-04-2024,10:15:12,25.0
22-04-2024,10:15:18,25.0
22-04-2024,10:15:23,24.9
22-04-2024,10:15:29,24.9
22-04-2024,10:15:34,24.9
22-04-2024,10:15:40,24.8
22-04-2024,10:15:54,24.7
22-04-2024,10:15:59,24.7
22-04-2024,10:16:05,24.7
22-04-2024,10:16:10,24.7
22-04-2024,10:16:16,24.7
22-04-2024,10:16:21,24.7
22-04-2024,10:16:27,24.7
22-04-2024,10:16:32,24.7
22-04-2024,10:16:38,24.7
22-04-2024,10:16:44,24.7
22-04-2024,10:16:49,24.7
22-04-2024,10:16:55,24.7
22-04-2024,10:17:00,24.8
22-04-2024,10:17:06,25.0
22-04-2024,10:17:11,25.0
22-04-2024,10:17:17,25.0
22-04-2024,10:17:22,24.9
22-04-2024,10:17:28,24.9
22-04-2024,10:17:33,24.8
22-04-2024,10:17:38,24.7
22-04-2024,10:17:44,24.7
22-04-2024,10:17:55,24.6
22-04-2024,10:18:00,24.6
22-04-2024,10:18:06,24.6
22-04-2024,10:18:11,24.6
22-04-2024,10:18:17,24.6
22-04-2024,10:18:22,24.6
22-04-2024,10:18:28,24.5
22-04-2024,10:18:33,24.5
22-04-2024,10:18:39,24.5
22-04-2024,10:18:44,24.5
22-04-2024,10:18:50,24.5
22-04-2024,10:18:55,24.6
22-04-2024,10:19:01,24.6
22-04-2024,10:19:06,24.5
22-04-2024,10:19:12,24.5
22-04-2024,10:19:17,24.5
22-04-2024,10:19:23,24.5
22-04-2024,10:19:29,24.5
22-04-2024,10:19:34,24.5
22-04-2024,10:19:40,24.5
22-04-2024,10:19:45,24.5
22-04-2024,10:19:51,24.5
22-04-2024,10:19:56,24.5
22-04-2024,10:20:02,24.5
22-04-2024,10:20:07,24.5
22-04-2024,10:20:12,24.5
22-04-2024,10:20:18,24.5
22-04-2024,10:20:23,24.5
22-04-2024,10:20:29,24.5
22-04-2024,10:20:34,24.5
22-04-2024,10:20:39,24.5
22-04-2024,10:20:45,24.5
22-04-2024,10:20:50,24.5
22-04-2024,10:20:56,24.5
22-04-2024,10:21:01,24.5
22-04-2024,10:21:07,24.5
22-04-2024,10:21:12,24.5
22-04-2024,10:21:17,24.5
22-04-2024,10:21:23,24.5
22-04-2024,10:21:28,24.5
22-04-2024,10:21:34,24.6
22-04-2024,10:21:39,24.6
22-04-2024,10:21:45,24.6
22-04-2024,10:21:50,24.5
22-04-2024,10:21:55,24.5
22-04-2024,10:22:01,24.5
22-04-2024,10:22:06,24.5
22-04-2024,10:22:12,24.5
22-04-2024,10:22:17,24.5
22-04-2024,10:22:23,24.5
22-04-2024,10:22:28,24.5
22-04-2024,10:22:34,24.5
22-04-2024,10:22:39,24.5
22-04-2024,10:22:45,24.5
22-04-2024,10:22:50,24.5
22-04-2024,10:22:56,24.5
22-04-2024,10:23:01,24.5
22-04-2024,10:23:06,24.5
22-04-2024,10:23:12,24.5
22-04-2024,10:23:17,24.5
22-04-2024,10:23:23,24.5
22-04-2024,10:23:28,24.5
22-04-2024,10:23:34,24.5
22-04-2024,10:23:39,24.5
22-04-2024,10:23:44,24.5
22-04-2024,10:23:50,24.5
22-04-2024,10:23:55,24.5
22-04-2024,10:24:01,24.5
22-04-2024,10:24:06,24.5
22-04-2024,10:27:16,24.6
22-04-2024,10:27:21,24.6
22-04-2024,10:27:27,24.7
22-04-2024,10:27:32,24.7
22-04-2024,10:27:37,24.7
22-04-2024,10:27:43,24.7
22-04-2024,10:27:48,24.9
22-04-2024,10:27:54,25.0
22-04-2024,10:27:59,25.0
22-04-2024,10:28:04,24.9
22-04-2024,10:28:10,24.9
22-04-2024,10:28:15,24.8
22-04-2024,10:28:21,24.7
22-04-2024,10:28:26,24.7
22-04-2024,10:28:32,24.7
22-04-2024,10:28:37,24.7
22-04-2024,10:28:43,24.7
22-04-2024,10:28:48,24.9
22-04-2024,10:28:54,24.9
22-04-2024,10:28:59,24.9
22-04-2024,10:29:04,24.8
22-04-2024,10:29:10,24.8
22-04-2024,10:29:15,24.8
22-04-2024,10:29:21,24.7
22-04-2024,10:29:26,24.7
22-04-2024,10:29:31,24.7
22-04-2024,10:29:37,24.7
22-04-2024,10:29:42,24.7
22-04-2024,10:29:48,24.7
22-04-2024,10:29:53,24.7
22-04-2024,10:29:58,24.8
22-04-2024,10:30:04,24.8
22-04-2024,10:30:09,24.8
22-04-2024,10:30:15,24.7
22-04-2024,10:30:20,24.7
22-04-2024,10:30:25,24.7
22-04-2024,10:30:31,24.7
22-04-2024,10:30:36,24.6
22-04-2024,10:30:42,24.6
22-04-2024,10:30:47,24.6
22-04-2024,10:30:53,24.6
22-04-2024,10:30:58,24.6
22-04-2024,10:31:03,24.6
22-04-2024,10:31:09,24.5
22-04-2024,10:31:14,24.5
22-04-2024,10:31:20,24.5
22-04-2024,10:31:26,24.5
22-04-2024,10:31:31,24.6
22-04-2024,10:31:36,24.6
22-04-2024,10:31:42,24.5
22-04-2024,10:31:47,24.5
22-04-2024,10:31:53,24.5
22-04-2024,10:31:58,24.5
22-04-2024,10:32:04,24.5
22-04-2024,10:32:09,24.5
22-04-2024,10:32:14,24.5
22-04-2024,10:32:20,24.5
22-04-2024,10:32:25,24.5
22-04-2024,10:32:31,24.4
22-04-2024,10:32:36,24.3
22-04-2024,10:32:42,24.3
22-04-2024,10:32:47,24.3
22-04-2024,10:32:53,24.4
22-04-2024,10:32:58,24.4
22-04-2024,10:33:03,24.4
22-04-2024,10:33:09,24.4
22-04-2024,10:33:14,24.4
22-04-2024,10:33:20,24.4
22-04-2024,10:33:25,24.4
22-04-2024,10:33:31,24.4
22-04-2024,10:33:36,24.4
22-04-2024,10:33:42,24.4
22-04-2024,10:33:47,24.4
22-04-2024,10:33:52,24.4
22-04-2024,10:33:58,24.4
22-04-2024,10:34:03,24.4
22-04-2024,10:34:09,24.3
22-04-2024,10:34:15,24.3
22-04-2024,10:34:20,24.3
22-04-2024,10:34:25,24.3
22-04-2024,10:34:31,24.3
22-04-2024,10:34:36,24.3
22-04-2024,10:34:48,24.2
22-04-2024,10:34:54,24.2
22-04-2024,10:34:59,24.2
22-04-2024,10:35:05,24.2
22-04-2024,10:35:10,24.2
22-04-2024,10:35:16,24.2
22-04-2024,10:35:21,24.2
22-04-2024,10:35:27,24.2
22-04-2024,10:35:32,24.3
22-04-2024,10:35:38,24.3
22-04-2024,10:35:43,24.3
22-04-2024,10:35:49,24.2
22-04-2024,10:35:54,24.2
22-04-2024,10:35:59,24.2
22-04-2024,10:36:05,24.2
22-04-2024,10:36:10,24.2
22-04-2024,10:36:16,24.2
22-04-2024,10:36:21,24.2
22-04-2024,10:36:27,24.2
22-04-2024,10:36:32,24.2
22-04-2024,10:36:38,24.2
22-04-2024,10:36:43,24.2
22-04-2024,10:36:49,24.2
22-04-2024,10:36:54,24.2
22-04-2024,10:37:00,24.2
22-04-2024,10:38:31,24.2
22-04-2024,10:38:37,24.2
22-04-2024,10:38:43,24.2
22-04-2024,10:38:48,24.1
22-04-2024,10:38:54,24.1
22-04-2024,10:38:59,24.1
22-04-2024,10:40:42,23.9
22-04-2024,10:40:47,25.1
22-04-2024,10:40:52,26.9
22-04-2024,10:40:58,27.1
22-04-2024,10:41:03,27.0
22-04-2024,10:41:09,26.9
22-04-2024,10:41:14,26.5
22-04-2024,10:41:19,26.0
22-04-2024,10:41:25,25.8
22-04-2024,10:41:30,25.6
22-04-2024,10:41:36,25.2
22-04-2024,10:41:41,24.9
22-04-2024,10:41:47,24.7
22-04-2024,10:41:52,24.6
22-04-2024,10:41:57,24.7
22-04-2024,10:42:03,24.7
22-04-2024,10:42:08,24.6
22-04-2024,10:42:14,24.5
22-04-2024,10:42:20,24.5
22-04-2024,10:42:25,24.6
22-04-2024,10:42:30,24.8
22-04-2024,10:42:36,24.7
22-04-2024,10:42:41,24.7
22-04-2024,10:42:47,24.5
22-04-2024,10:42:52,24.5
22-04-2024,10:42:58,24.5
22-04-2024,10:43:03,24.5
22-04-2024,10:43:09,24.8
22-04-2024,10:43:14,24.7
22-04-2024,10:43:20,24.6
22-04-2024,10:43:25,24.6
22-04-2024,10:43:30,24.6
22-04-2024,10:43:36,24.5
22-04-2024,10:43:41,24.5
22-04-2024,10:43:47,24.4
22-04-2024,10:43:52,24.3
22-04-2024,10:43:58,24.2
22-04-2024,10:44:06,23.9
22-04-2024,10:44:11,23.7
22-04-2024,10:44:17,23.6
22-04-2024,10:44:22,23.6
22-04-2024,10:44:28,23.6
22-04-2024,10:44:33,23.6
22-04-2024,10:44:39,23.6
22-04-2024,10:44:44,23.6
22-04-2024,10:44:49,23.6
22-04-2024,10:44:55,23.6
22-04-2024,10:45:00,23.6
22-04-2024,10:45:06,23.6
22-04-2024,10:45:11,23.6
22-04-2024,10:45:17,23.7
22-04-2024,10:45:22,23.6
22-04-2024,10:45:27,23.6
22-04-2024,10:45:33,23.6
22-04-2024,10:45:38,23.6
22-04-2024,10:45:44,23.5
22-04-2024,10:45:49,23.5
22-04-2024,10:45:55,23.5
22-04-2024,10:46:00,23.5
22-04-2024,10:46:06,23.5
22-04-2024,10:46:11,23.5
22-04-2024,10:46:17,23.5
22-04-2024,10:46:22,23.5
22-04-2024,10:46:28,23.4
22-04-2024,10:46:33,23.4
22-04-2024,10:46:39,23.4
22-04-2024,10:46:44,23.4
22-04-2024,10:46:49,23.4
22-04-2024,11:03:15,22.0
22-04-2024,11:03:20,22.0
22-04-2024,11:03:26,22.0
22-04-2024,11:03:31,22.0
22-04-2024,11:03:37,22.0
22-04-2024,11:03:42,22.7
22-04-2024,11:03:48,22.8
22-04-2024,11:03:53,22.7
22-04-2024,11:03:59,22.7
22-04-2024,11:04:04,22.6
22-04-2024,11:04:10,22.5
22-04-2024,11:07:13,21.8
22-04-2024,11:07:19,21.8
22-04-2024,11:07:24,21.8
22-04-2024,11:07:30,21.8
22-04-2024,11:07:35,21.8
22-04-2024,11:07:40,21.8
22-04-2024,11:07:46,21.7
22-04-2024,11:07:51,21.7
22-04-2024,11:07:57,21.7
22-04-2024,11:08:02,21.7
22-04-2024,11:08:08,21.8
22-04-2024,11:08:14,21.9
22-04-2024,11:08:19,21.9
22-04-2024,11:08:25,21.9
22-04-2024,11:08:30,21.9
22-04-2024,11:08:35,21.9
22-04-2024,11:08:41,21.8
22-04-2024,11:08:46,21.8
22-04-2024,11:08:52,21.8
22-04-2024,11:08:57,21.8
22-04-2024,11:09:03,21.8
22-04-2024,11:09:08,21.7
22-04-2024,11:09:14,21.7
22-04-2024,11:09:19,21.6
22-04-2024,11:09:25,21.6
22-04-2024,11:09:30,21.6
22-04-2024,11:09:36,21.6
22-04-2024,11:09:41,21.6
22-04-2024,11:09:47,21.6
22-04-2024,11:09:52,21.6
22-04-2024,11:09:58,21.6
22-04-2024,11:10:03,21.6
22-04-2024,11:10:09,21.5
22-04-2024,11:10:14,21.5
22-04-2024,11:10:20,21.5
22-04-2024,11:10:25,21.5
22-04-2024,11:10:31,21.4
22-04-2024,11:10:36,21.4
22-04-2024,11:10:42,21.4
22-04-2024,11:10:47,21.3
22-04-2024,11:10:53,21.3
22-04-2024,11:10:58,21.3
22-04-2024,11:11:04,21.3
22-04-2024,11:11:09,21.3
22-04-2024,11:11:15,21.3
22-04-2024,11:11:20,21.3
22-04-2024,11:11:26,21.3
22-04-2024,11:11:31,21.3
22-04-2024,11:11:37,21.4
22-04-2024,11:11:42,21.3
22-04-2024,11:11:48,21.3
22-04-2024,11:11:53,21.3
22-04-2024,11:11:59,21.3
22-04-2024,11:12:04,21.4
22-04-2024,11:12:10,21.3
22-04-2024,11:12:15,21.3
22-04-2024,11:12:21,21.3
22-04-2024,11:12:26,21.3
22-04-2024,11:12:32,21.3
22-04-2024,11:12:37,21.4
22-04-2024,11:12:43,21.4
22-04-2024,11:12:48,21.4
22-04-2024,11:12:54,21.4
22-04-2024,11:12:59,21.3
22-04-2024,11:13:05,21.4
22-04-2024,11:13:10,21.4
22-04-2024,11:13:16,21.4
22-04-2024,11:13:21,21.3
22-04-2024,11:13:27,21.3
22-04-2024,11:13:32,21.3
22-04-2024,11:13:38,21.3
22-04-2024,11:13:43,21.3
22-04-2024,11:13:49,21.3
22-04-2024,11:13:55,21.3
22-04-2024,11:14:00,21.3
22-04-2024,11:14:06,21.3
22-04-2024,11:14:11,21.3
22-04-2024,11:14:17,21.3
22-04-2024,11:14:28,21.3
22-04-2024,11:14:34,21.3
22-04-2024,11:14:39,21.3
22-04-2024,11:14:45,21.3
22-04-2024,11:14:50,21.3
22-04-2024,11:14:56,21.3
22-04-2024,11:15:01,21.3
22-04-2024,11:15:06,21.3
22-04-2024,11:15:12,21.3
22-04-2024,11:15:17,21.3
22-04-2024,11:15:23,21.3
22-04-2024,11:15:28,21.3
22-04-2024,11:15:33,21.3
22-04-2024,11:15:39,21.3
22-04-2024,11:15:44,21.3
22-04-2024,11:15:50,21.3
22-04-2024,11:15:55,21.3
22-04-2024,11:16:00,21.3
22-04-2024,11:16:06,21.3
22-04-2024,11:16:11,21.3
22-04-2024,11:16:16,21.3
22-04-2024,11:16:22,21.3
22-04-2024,11:16:27,21.3
22-04-2024,11:16:33,21.3
22-04-2024,11:16:38,21.3
22-04-2024,11:16:43,21.3
22-04-2024,11:16:49,21.3
22-04-2024,11:16:55,21.3
22-04-2024,11:17:00,21.3
22-04-2024,11:17:05,21.3
22-04-2024,11:17:11,21.3
22-04-2024,11:17:16,21.3
22-04-2024,11:17:21,21.3
22-04-2024,11:17:27,21.3
22-04-2024,11:17:45,21.3
22-04-2024,11:17:51,21.3
22-04-2024,11:17:56,21.3
25-04-2024,08:23:21,42.3
25-04-2024,08:23:27,42.2
25-04-2024,08:23:32,42.2
25-04-2024,08:23:37,42.1
25-04-2024,08:23:43,42.1
25-04-2024,08:23:48,42.1
25-04-2024,08:23:54,42.0
25-04-2024,08:23:59,42.0
25-04-2024,08:24:05,42.0
25-04-2024,08:24:10,42.0
25-04-2024,08:24:15,41.9
25-04-2024,08:24:21,41.9
25-04-2024,08:24:26,42.1
25-04-2024,08:24:32,42.1
25-04-2024,08:24:37,42.1
25-04-2024,08:24:43,42.1
25-04-2024,08:24:48,42.1
25-04-2024,08:24:53,42.1
25-04-2024,08:24:59,42.1
25-04-2024,08:25:04,42.1
25-04-2024,08:25:10,42.1
25-04-2024,08:25:16,42.0
25-04-2024,08:25:21,42.0
25-04-2024,08:25:26,42.0
25-04-2024,08:25:32,42.0
25-04-2024,08:25:37,42.0
25-04-2024,08:25:43,42.1
25-04-2024,08:25:48,42.0
25-04-2024,08:25:54,42.1
25-04-2024,08:25:59,42.1
25-04-2024,08:26:04,42.1
25-04-2024,08:26:10,41.9
25-04-2024,08:26:15,41.9
25-04-2024,08:26:21,41.9
25-04-2024,08:26:26,41.8
25-04-2024,08:26:32,41.8
25-04-2024,08:26:37,41.8
25-04-2024,08:26:42,41.7
25-04-2024,08:26:48,41.7
25-04-2024,08:26:53,41.7
25-04-2024,08:26:59,41.7
25-04-2024,08:27:04,41.6
25-04-2024,08:27:10,41.5
25-04-2024,08:27:15,41.5
25-04-2024,08:28:37,40.3
25-04-2024,08:28:43,40.2
25-04-2024,08:28:48,40.2
25-04-2024,08:28:53,40.1
25-04-2024,08:28:59,40.1
25-04-2024,08:29:04,40.0
25-04-2024,08:29:10,40.0
25-04-2024,08:29:15,40.0
25-04-2024,08:29:21,40.0
25-04-2024,08:29:26,40.0
25-04-2024,08:29:32,40.0
25-04-2024,08:29:37,40.0
25-04-2024,08:29:43,40.0
25-04-2024,08:34:07,39.1
25-04-2024,08:34:13,39.0
25-04-2024,08:34:18,38.8
25-04-2024,08:34:23,38.7
25-04-2024,08:34:29,38.5
25-04-2024,08:34:34,38.3
25-04-2024,08:34:40,38.2
25-04-2024,08:34:45,38.1
25-04-2024,08:34:50,38.0
25-04-2024,08:35:13,37.7
25-04-2024,08:35:19,37.6
25-04-2024,08:35:24,37.7
25-04-2024,08:35:30,37.6
25-04-2024,08:35:35,37.5
25-04-2024,08:35:41,37.4
25-04-2024,08:35:46,37.3
25-04-2024,08:35:51,37.2
25-04-2024,08:35:57,37.2
25-04-2024,08:36:02,37.2
25-04-2024,08:36:08,37.3
25-04-2024,08:36:13,37.4
25-04-2024,08:36:19,37.4
25-04-2024,08:36:24,37.4
25-04-2024,08:36:30,37.4
25-04-2024,08:36:46,37.4
25-04-2024,08:36:51,37.3
25-04-2024,08:36:57,37.2
25-04-2024,08:37:03,37.2
25-04-2024,08:37:08,37.2
25-04-2024,08:37:14,37.2
25-04-2024,08:37:19,37.1
25-04-2024,08:37:25,37.1
25-04-2024,08:37:30,37.2
25-04-2024,08:37:36,37.2
25-04-2024,08:37:41,37.2
25-04-2024,08:37:46,37.3
25-04-2024,08:37:52,37.3
25-04-2024,08:37:57,37.3
25-04-2024,08:38:03,37.3
25-04-2024,08:38:08,37.3
25-04-2024,08:38:14,37.3
25-04-2024,08:38:19,37.2
25-04-2024,08:38:25,37.2
25-04-2024,08:38:30,37.2
25-04-2024,08:38:36,37.1
25-04-2024,08:38:41,37.1
25-04-2024,08:38:47,37.0
25-04-2024,08:38:52,37.0
25-04-2024,08:38:58,37.0
25-04-2024,08:41:20,37.7
25-04-2024,08:41:26,37.8
25-04-2024,08:41:31,37.6
25-04-2024,08:41:37,37.5
25-04-2024,08:41:42,37.3
25-04-2024,08:41:48,37.2
25-04-2024,08:42:48,36.3
25-04-2024,08:42:53,36.2
25-04-2024,08:42:59,36.2
25-04-2024,08:43:04,36.1
25-04-2024,08:43:10,36.0
25-04-2024,08:43:16,36.0
25-04-2024,08:44:23,35.7
25-04-2024,08:44:28,35.7
25-04-2024,08:44:34,35.6
25-04-2024,08:44:39,35.6
25-04-2024,08:44:45,35.6
25-04-2024,08:44:50,35.6
25-04-2024,08:45:28,35.8
25-04-2024,08:45:33,35.8
25-04-2024,08:45:39,35.8
25-04-2024,08:45:44,35.7
25-04-2024,08:45:50,35.7
25-04-2024,08:45:55,35.7
25-04-2024,08:46:01,35.6
25-04-2024,08:46:06,35.6
25-04-2024,08:46:12,35.6
25-04-2024,08:46:17,35.6
25-04-2024,08:46:23,35.6
25-04-2024,08:46:28,35.6
25-04-2024,08:47:43,35.6
25-04-2024,08:47:48,35.6
25-04-2024,08:47:54,35.6
25-04-2024,08:47:59,35.6
25-04-2024,08:48:05,35.5
25-04-2024,08:48:10,35.5
25-04-2024,08:48:15,35.5
25-04-2024,08:48:21,35.4
25-04-2024,08:48:26,35.4
25-04-2024,08:48:31,35.5
25-04-2024,08:48:37,35.5
25-04-2024,08:48:43,35.5
25-04-2024,08:48:48,35.5
25-04-2024,08:48:53,35.5
25-04-2024,08:48:59,35.5
25-04-2024,08:49:04,35.5
25-04-2024,08:49:09,35.5
25-04-2024,08:49:15,35.4
25-04-2024,08:49:20,35.4
25-04-2024,08:49:26,35.3
25-04-2024,08:49:41,35.2
25-04-2024,08:49:46,35.2
25-04-2024,08:49:51,35.1
25-04-2024,08:49:57,35.1
25-04-2024,08:50:02,35.1
25-04-2024,08:50:08,35.1
25-04-2024,08:50:13,35.1
25-04-2024,08:50:18,35.0
25-04-2024,08:50:24,35.0
25-04-2024,08:50:29,35.0
25-04-2024,08:50:35,35.2
25-04-2024,08:50:40,35.3
25-04-2024,08:50:45,35.3
25-04-2024,08:50:51,35.4
25-04-2024,08:50:56,35.5
25-04-2024,08:51:02,35.6
25-04-2024,08:51:12,35.7
25-04-2024,08:51:17,35.7
25-04-2024,08:51:23,35.7
25-04-2024,08:51:28,35.6
25-04-2024,08:51:33,35.6
25-04-2024,08:51:39,35.6
25-04-2024,08:51:44,35.5
25-04-2024,08:51:50,35.5
25-04-2024,08:51:55,35.5
25-04-2024,08:52:01,35.5
25-04-2024,08:52:06,35.5
25-04-2024,08:52:12,35.5
25-04-2024,08:52:17,35.7
25-04-2024,08:52:23,35.8
25-04-2024,08:52:28,35.8
25-04-2024,08:52:33,35.8
25-04-2024,08:52:39,35.8
25-04-2024,08:52:47,36.0
25-04-2024,08:52:52,36.0
25-04-2024,08:52:58,36.0
25-04-2024,08:53:03,36.0
25-04-2024,08:53:09,36.0
25-04-2024,08:53:14,36.0
25-04-2024,08:53:20,36.0
25-04-2024,08:53:25,36.0
25-04-2024,08:53:30,36.0
25-04-2024,08:53:36,36.1
25-04-2024,08:53:41,36.1
25-04-2024,08:53:47,36.1
25-04-2024,08:53:52,36.1
25-04-2024,08:53:58,36.1
25-04-2024,08:54:03,36.2
25-04-2024,08:54:09,36.2
25-04-2024,08:54:14,36.0
25-04-2024,08:54:19,36.1
25-04-2024,08:54:25,36.1
25-04-2024,08:54:30,36.4
25-04-2024,08:54:36,36.8
25-04-2024,08:54:41,36.9
25-04-2024,08:54:47,37.1
25-04-2024,08:54:52,37.2
25-04-2024,08:54:58,37.4
25-04-2024,08:55:05,37.4
25-04-2024,08:55:11,37.4
25-04-2024,08:55:16,37.3
25-04-2024,08:55:21,37.2
25-04-2024,08:55:27,37.2
25-04-2024,08:55:32,37.1
25-04-2024,08:55:38,37.1
25-04-2024,08:55:43,37.1
25-04-2024,08:55:49,37.1
25-04-2024,08:55:54,37.1
25-04-2024,08:56:00,37.1
25-04-2024,08:56:05,37.1
25-04-2024,08:56:11,37.1
25-04-2024,08:56:16,37.1
25-04-2024,08:56:21,37.1
25-04-2024,08:56:27,37.4
25-04-2024,08:56:32,37.5
25-04-2024,08:56:38,37.7
25-04-2024,08:56:43,37.7
25-04-2024,08:56:49,37.7
25-04-2024,08:56:54,37.7
25-04-2024,08:57:00,37.7
25-04-2024,08:57:05,37.7
25-04-2024,08:57:11,37.7
25-04-2024,08:57:16,37.8
25-04-2024,08:57:22,38.2
25-04-2024,08:57:27,38.5
25-04-2024,08:57:33,38.6
25-04-2024,08:57:38,38.7
25-04-2024,08:57:44,38.7
25-04-2024,08:57:49,38.8
25-04-2024,08:58:20,38.1
25-04-2024,08:58:30,38.4
25-04-2024,08:58:36,38.3
25-04-2024,08:58:41,38.2
25-04-2024,08:58:47,38.2
25-04-2024,08:58:52,38.1
25-04-2024,08:58:58,38.0
25-04-2024,08:59:03,37.9
25-04-2024,08:59:09,37.8
25-04-2024,08:59:14,37.8
25-04-2024,08:59:20,37.8
25-04-2024,08:59:25,37.7
25-04-2024,08:59:31,37.7
25-04-2024,08:59:36,37.7
25-04-2024,08:59:42,37.6
25-04-2024,08:59:47,37.5
25-04-2024,08:59:53,37.5
25-04-2024,08:59:58,37.4
25-04-2024,09:00:04,37.4
25-04-2024,09:00:09,37.3
25-04-2024,09:00:15,37.3
25-04-2024,09:00:20,37.2
25-04-2024,09:00:26,37.2
25-04-2024,09:00:31,37.2
25-04-2024,09:00:37,37.2
25-04-2024,09:00:42,37.2
25-04-2024,09:00:48,37.1
25-04-2024,09:00:53,36.9
25-04-2024,09:08:26,40.3
25-04-2024,09:08:31,40.5
25-04-2024,09:08:37,40.5
25-04-2024,09:08:42,40.5
25-04-2024,09:08:48,40.4
25-04-2024,09:08:53,40.4
25-04-2024,09:08:59,40.3
25-04-2024,09:09:04,40.3
25-04-2024,09:09:10,40.3
25-04-2024,09:09:15,40.3
25-04-2024,09:09:21,40.3
25-04-2024,09:09:26,40.4
25-04-2024,09:09:50,40.6
25-04-2024,09:09:55,40.6
25-04-2024,09:10:01,40.6
25-04-2024,09:10:06,40.6
25-04-2024,09:10:12,40.6
25-04-2024,09:10:17,40.5
25-04-2024,09:10:23,40.5
25-04-2024,09:10:28,40.5
25-04-2024,09:10:34,40.5
25-04-2024,09:10:39,40.5
25-04-2024,09:10:45,40.5
25-04-2024,09:10:50,40.5
25-04-2024,09:10:56,40.5
25-04-2024,09:11:01,40.5
25-04-2024,09:11:06,40.7
25-04-2024,09:11:12,40.7
25-04-2024,09:11:17,40.7
25-04-2024,09:11:23,40.7
25-04-2024,09:11:28,40.7
25-04-2024,09:11:33,40.7
25-04-2024,09:11:39,40.7
25-04-2024,09:11:45,40.7
25-04-2024,09:11:50,40.7
25-04-2024,09:11:55,40.7
25-04-2024,09:12:01,40.7
25-04-2024,09:12:06,40.7
25-04-2024,09:12:12,40.7
25-04-2024,09:12:17,40.7
25-04-2024,09:12:22,40.7
25-04-2024,09:12:28,40.7
25-04-2024,09:21:30,41.4
25-04-2024,09:21:35,41.4
25-04-2024,09:21:41,41.4
25-04-2024,09:21:46,41.4
25-04-2024,09:21:52,41.4
25-04-2024,09:21:57,41.4
25-04-2024,09:22:02,41.4
25-04-2024,09:22:08,41.4
25-04-2024,09:22:13,41.4
25-04-2024,09:22:19,41.4
25-04-2024,09:22:24,41.4
25-04-2024,09:27:11,41.4
25-04-2024,09:27:17,41.6
25-04-2024,09:27:22,41.7
25-04-2024,09:27:28,41.6
25-04-2024,09:27:33,41.5
25-04-2024,09:27:39,41.5
25-04-2024,09:27:44,41.4
25-04-2024,09:27:49,41.4
25-04-2024,09:27:55,41.4
25-04-2024,09:30:43,41.5
25-04-2024,09:30:49,41.4
25-04-2024,09:30:54,41.4
25-04-2024,09:31:00,41.5
25-04-2024,09:31:05,41.6
25-04-2024,09:31:11,41.6
25-04-2024,09:31:16,41.5
25-04-2024,09:31:21,41.5
25-04-2024,09:31:27,41.5
25-04-2024,09:31:32,41.4
26-04-2024,08:23:20,48.9
26-04-2024,08:23:25,48.9
26-04-2024,08:23:31,48.8
26-04-2024,08:23:36,48.7
26-04-2024,08:23:42,48.5
26-04-2024,08:23:47,48.3
26-04-2024,08:23:52,48.2
26-04-2024,08:23:58,48.3
26-04-2024,08:24:03,48.3
26-04-2024,08:24:09,48.2
26-04-2024,08:31:32,44.5
26-04-2024,08:31:37,44.4
26-04-2024,08:31:43,44.4
26-04-2024,08:31:48,44.3
26-04-2024,08:31:54,44.3
26-04-2024,08:31:59,44.3
26-04-2024,08:32:05,44.2
26-04-2024,08:32:11,44.2
26-04-2024,08:32:16,44.2
26-04-2024,08:32:22,44.2
26-04-2024,08:33:18,44.1
26-04-2024,08:33:24,44.0
26-04-2024,08:33:30,43.9
26-04-2024,08:33:35,43.9
26-04-2024,08:33:41,43.8
26-04-2024,08:33:46,43.8
26-04-2024,08:33:52,43.8
26-04-2024,08:33:57,43.8
26-04-2024,08:34:03,43.8
26-04-2024,08:34:08,43.8
09-05-2024,10:51:46,14.60
09-05-2024,10:52:24,14.70
09-05-2024,10:53:25,13.90
09-05-2024,10:58:45,13.50
09-05-2024,10:58:56,13.90
09-05-2024,10:59:04,13.40
09-05-2024,10:59:15,
09-05-2024,10:59:23,
09-05-2024,10:59:36,14.40
09-05-2024,10:59:44,14.40
09-05-2024,11:01:10,13.40
